"0","library(janeaustenr)"
"2","警告: 程序包‘janeaustenr’是用R版本4.4.3 来建造的"
"0","library(dplyr)"
"0","library(stringr)"
"0",""
"0","tidy_books <- austen_books() %>%"
"0","  group_by(book) %>%"
"0","  mutate("
"0","    linenumber = row_number(),"
"0","    chapter = cumsum(str_detect(text, "
"0","                                regex(""^chapter [\\divxlc]"", "
"0","                                      ignore_case = TRUE)))) %>%"
"0","  ungroup() %>%"
"0","  unnest_tokens(word, text)"
