{"chunk_definitions":[{"row":216,"row_count":1,"visible":true,"expansion_state":0,"options":{"engine":"r","label":"unnamed-chunk-8","dev":"png"},"document_id":"B2F30919","chunk_id":"c5vyyzlwv4pox","chunk_label":"unnamed-chunk-1"},{"row":233,"row_count":1,"visible":true,"expansion_state":0,"options":{"engine":"r","label":"unnamed-chunk-9","dev":"png"},"document_id":"B2F30919","chunk_id":"cfak9ahxm6o2z","chunk_label":"unnamed-chunk-2"},{"row":252,"row_count":1,"visible":true,"expansion_state":0,"options":{"engine":"r","label":"unnamed-chunk-10","dev":"png"},"document_id":"B2F30919","chunk_id":"c0mrf519q1efz","chunk_label":"unnamed-chunk-3"},{"row":280,"row_count":1,"visible":true,"expansion_state":0,"options":{"engine":"r","label":"unnamed-chunk-11","dev":"png"},"document_id":"B2F30919","chunk_id":"cwermqop3t4zy","chunk_label":"unnamed-chunk-4"}],"doc_write_time":1740672362}