{"chunk_definitions":[{"row":28,"row_count":1,"visible":true,"expansion_state":0,"options":{"engine":"r","eval":false,"label":"unnamed-chunk-14","dev":"png"},"document_id":"8B522D6D","chunk_id":"ch58zf559mr7z","chunk_label":"unnamed-chunk-1"},{"row":34,"row_count":1,"visible":true,"expansion_state":0,"options":{"engine":"r","echo":false,"label":"unnamed-chunk-15","dev":"png"},"document_id":"8B522D6D","chunk_id":"cpvamkhwyj0z0","chunk_label":"unnamed-chunk-2"},{"row":81,"row_count":1,"visible":true,"expansion_state":0,"options":{"engine":"r","label":"unnamed-chunk-16","dev":"png"},"document_id":"8B522D6D","chunk_id":"czbi5r1c30eqi","chunk_label":"unnamed-chunk-6"},{"row":95,"row_count":1,"visible":true,"expansion_state":0,"options":{"engine":"r","eval":false,"label":"unnamed-chunk-17","dev":"png"},"document_id":"8B522D6D","chunk_id":"cup1498mmt97g","chunk_label":"unnamed-chunk-7"},{"row":105,"row_count":1,"visible":true,"expansion_state":0,"options":{"engine":"r","label":"unnamed-chunk-18","dev":"png"},"document_id":"8B522D6D","chunk_id":"cprenxs8yapxf","chunk_label":"unnamed-chunk-8"},{"row":125,"row_count":1,"visible":true,"expansion_state":0,"options":{"engine":"r","label":"unnamed-chunk-19","dev":"png"},"document_id":"8B522D6D","chunk_id":"c15kfg7ck3iu6","chunk_label":"unnamed-chunk-9"},{"row":135,"row_count":1,"visible":true,"expansion_state":0,"options":{"engine":"r","label":"unnamed-chunk-20","dev":"png"},"document_id":"8B522D6D","chunk_id":"czp2hr8e6fg0p","chunk_label":"unnamed-chunk-10"},{"row":148,"row_count":1,"visible":true,"expansion_state":0,"options":{"engine":"r","label":"unnamed-chunk-22","dev":"png"},"document_id":"8B522D6D","chunk_id":"c80aaqrjtsguf","chunk_label":"unnamed-chunk-11"},{"row":178,"row_count":1,"visible":true,"expansion_state":0,"options":{"engine":"r","eval":false,"label":"unnamed-chunk-23","dev":"png"},"document_id":"8B522D6D","chunk_id":"cgw7bes3xg1th","chunk_label":"unnamed-chunk-12"},{"row":190,"row_count":1,"visible":true,"expansion_state":0,"options":{"engine":"r","label":"unnamed-chunk-24","dev":"png"},"document_id":"8B522D6D","chunk_id":"chod3tlcj0gez","chunk_label":"unnamed-chunk-13"},{"row":203,"row_count":1,"visible":true,"expansion_state":0,"options":{"engine":"r","eval":false,"label":"unnamed-chunk-25","dev":"png"},"document_id":"8B522D6D","chunk_id":"cv423d5nypdz0","chunk_label":"unnamed-chunk-14"},{"row":209,"row_count":1,"visible":true,"expansion_state":0,"options":{"engine":"r","echo":false,"label":"unnamed-chunk-26","dev":"png"},"document_id":"8B522D6D","chunk_id":"c4hc8bhn2y7hr","chunk_label":"unnamed-chunk-15"},{"row":215,"row_count":1,"visible":true,"expansion_state":0,"options":{"engine":"r","label":"unnamed-chunk-27","dev":"png"},"document_id":"8B522D6D","chunk_id":"czmvo405sjw2o","chunk_label":"unnamed-chunk-16"},{"row":230,"row_count":1,"visible":true,"expansion_state":0,"options":{"engine":"r","label":"unnamed-chunk-28","dev":"png"},"document_id":"8B522D6D","chunk_id":"c4iz9dmruqvjq","chunk_label":"unnamed-chunk-17"},{"row":245,"row_count":1,"visible":true,"expansion_state":0,"options":{"engine":"r","label":"unnamed-chunk-13","dev":"png"},"document_id":"8B522D6D","chunk_id":"c3x3romyv09tt","chunk_label":"unnamed-chunk-18"}],"doc_write_time":1741477361}